Frequency / Hz,Vm3:Measured voltage,Vm3:Measured voltage
10,47.80713032,386.5388234
20,45.55846295,377.5080876
30,45.09994529,359.4157238
40,46.54914477,347.6011157
50,48.14289265,345.4559682
60,49.23721946,348.2536594
70,49.7980228,352.590696
80,49.91532681,356.9545801
90,49.73355988,360.3495427
100,49.37179847,362.1032188
110,48.96582332,362.1796906
120,48.67601526,360.8855602
130,48.5646653,358.8260015
140,48.61872096,357.0024539
150,48.790176,355.8524397
160,48.98002618,355.3846032
170,49.12447125,355.5424893
180,49.22043875,356.0175262
190,49.24774067,356.4495951
200,49.22150423,356.8149177
210,49.17955266,356.9441354
220,49.12622388,356.7844184
230,49.07791102,356.5052366
240,49.0589673,356.1301559
250,49.05026917,355.6867858
260,49.05307628,355.3639819
270,49.06895756,355.0991714
280,49.07807891,354.8854154
290,49.07954262,354.79205
300,49.08116503,354.7226777
310,49.0676623,354.6498005
320,49.04932354,354.6343243
330,49.03197151,354.5950819
340,49.00948935,354.5470511
350,48.98849745,354.5372567
360,48.9750935,354.5230935
370,48.96136467,354.5242799
380,48.95432317,354.5715196
390,48.95505217,354.636052
400,48.9598483,354.7114905
410,48.97001751,354.8209607
420,48.98963708,354.9399416
430,49.01467179,355.0399263
440,49.0446771,355.1416255
450,49.08460421,355.2259933
460,49.12977609,355.2470456
470,49.17654309,355.2490678
480,49.23370331,355.2067361
490,49.2910468,355.0617636
500,49.34522732,354.9000024
510,49.40690821,354.6699477
520,49.46078863,354.3352097
530,49.50665043,354.0022496
540,49.55695303,353.5982565
550,49.5890738,353.1099605
560,49.61317997,352.678673
570,49.63708005,352.1758576
580,49.63824524,351.6527534
590,49.63400979,351.2333696
600,49.62966593,350.7586144
610,49.60053541,350.342271
620,49.57939308,350.0590547
630,49.55584454,349.7238004
640,49.51749544,349.5130134
650,49.49867654,349.4157222
660,49.48009898,349.2383711
670,49.45696122,349.2197245
680,49.46461947,349.1973696
690,49.46557238,349.0802632
700,49.47344407,349.071753
710,49.5066001,348.945414
720,49.5213681,348.7039038
730,49.54536559,348.5411229
740,49.57534281,348.1669878
750,49.5754908,347.7727242
760,49.58091541,347.4227958
770,49.57281525,346.9129654
780,49.53044916,346.5145998
790,49.49621451,346.1952515
800,49.43574824,345.8352282
810,49.35937942,345.7364421
820,49.29834118,345.732946
830,49.22219253,345.8227761
840,49.16106915,346.2088561
850,49.13169482,346.6182833
860,49.10773634,347.1402896
870,49.12823826,347.7838127
880,49.18033068,348.2889233
890,49.24858912,348.7733324
900,49.3554487,349.1333622
910,49.47079792,349.2337722
920,49.5883711,349.2164988
930,49.71451381,348.9751864
940,49.8219596,348.5269479
950,49.91369096,347.9844876
960,49.98963083,347.3070069
970,50.03605097,346.5526637
980,50.05881268,345.8151055
990,50.0618855,345.0782119
1000,50.03857935,344.3886175
1100,49.71312158,344.4235916
1200,50.35653173,341.9373129
1300,50.25808132,337.8998458
1400,50.86292386,339.9908707
1500,50.70861812,336.0478184
1600,51.43231553,333.0207746
1700,51.25786996,332.1755129
1800,51.84726587,326.5066695
1900,52.5084108,323.9288664
2000,52.59969717,322.4725807
2100,52.98130285,316.1208204
2200,53.43768632,308.6972763
2300,53.97439785,303.6442868
2400,54.28677459,297.8287888
2500,54.5616141,291.8026624
2600,54.49430255,283.7245632
2700,54.50185965,276.7573711
2800,54.1569765,267.8750113
2900,53.88878545,260.1467041
3000,53.23793707,252.1065668
3100,52.50276738,245.4093326
3200,51.49940282,240.4063068
3300,51.01585662,236.158527
3400,50.62864971,231.9953695
3500,49.60180856,225.9381514
3600,48.74958197,223.8697595
3700,48.47015515,221.4237699
3800,47.26256405,217.4711025
3900,46.75913805,216.9859848
4000,46.13038162,212.3786925
4100,45.78330963,213.5766269
4200,44.69798071,210.150648
4300,44.47007047,209.8206489
4400,43.47752915,208.1528314
4500,43.1209689,204.4683889
4600,42.95195918,204.0943186
4700,42.42128318,205.2753496
4800,41.64210135,204.5226399
4900,41.1050982,202.0424171
5000,40.84390261,200.3747316
5100,40.58277863,199.8567042
5200,40.24890821,199.5478201
5300,39.88027124,198.9156674
5400,39.45625624,197.7174526
5500,38.93316988,196.13875
5600,38.27982662,194.9815299
5700,37.57998153,195.5475469
5800,37.18280469,197.4297616
5900,37.07033693,197.8014612
6000,36.86769546,196.0694886
6100,36.18320537,194.990027
6200,36.07225943,198.6771124
6300,36.26524503,193.0120408
6400,34.88840687,193.5645437
6500,35.23540532,196.3574584
6600,34.57756524,192.9041735
6700,34.99239256,194.7713606
6800,33.61921329,192.7132996
6900,34.2287677,193.6770217
7000,33.51442397,195.8102818
7100,32.86744326,190.081037
7200,33.42960148,192.6511785
7300,33.03887461,194.7975336
7400,32.04086751,194.0027244
7500,31.92350085,189.9633158
7600,31.75008523,188.2744307
7700,32.0619861,189.6301644
7800,31.75940822,188.5977909
7900,31.7018777,190.7692502
8000,31.30297445,188.5038001
8100,31.18273133,189.1552189
8200,30.45596985,187.1106473
8300,30.06629838,187.0691738
8400,29.46181982,190.5279329
8500,29.68616109,193.5234727
8600,30.05040211,192.1775594
8700,29.33501319,186.4383634
8800,28.55009112,190.3106994
8900,29.29462344,192.8214183
9000,28.52567387,186.0809432
9100,28.38365086,193.0595797
9200,28.70586745,185.8995257
9300,27.71321586,192.743757
9400,27.93408525,185.4711409
9500,27.89427318,192.25911
9600,26.92045667,186.1001263
9700,27.95783072,187.3495782
9800,27.07052276,193.2569122
9900,26.24509524,188.0283466
10000,26.64942907,184.6486269
11000,25.47768898,186.5400909
12000,22.78090236,189.875422
13000,22.74752354,186.9332516
14000,21.20854781,181.9221276
15000,20.08770031,182.5882296
16000,18.46600263,191.518781
17000,16.33964975,178.1885383
18000,15.46801469,191.1022528
19000,15.27602823,191.5807828
20000,13.61330753,191.8316694
21000,12.25726796,176.9190796
22000,13.34328164,188.796426
23000,12.30109333,174.4576349
24000,10.98196392,172.0386226
25000,11.07966666,175.8090136
26000,9.967424175,190.5244541
26370,13.06730526,231.1059229
